provincia,canton,pobres_2010_n,pobres_2022_n,pct_nbi_2010,pct_nbi_2022,variacion_pct
Morona Santiago,Taisha,17648,25856,0.985,0.969,-0.02
Manabí,Olmedo,9631,9440,0.974,0.936,-0.04
Morona Santiago,Tiwintza,6219,8656,0.959,0.934,-0.03
Esmeraldas,Muisne,28111,33488,0.981,0.923,-0.06
Esmeraldas,Rioverde,25982,30235,0.975,0.920,-0.06
Manabí,Paján,34801,37249,0.945,0.890,-0.06
Guayas,Salitre,53081,54299,0.942,0.889,-0.05
Chimborazo,Guamote,43280,31657,0.955,0.885,-0.07
Morona Santiago,Huamboya,7999,9474,0.953,0.877,-0.08
Esmeraldas,Eloy Alfaro,37814,40374,0.943,0.876,-0.07
Pastaza,Arajuno,6152,8332,0.957,0.874,-0.08
Manabí,Pichincha,28115,26168,0.930,0.861,-0.07
Manabí,24 De Mayo,27774,26851,0.949,0.854,-0.10
Manabí,Flavio Alfaro,23582,22503,0.943,0.852,-0.09
Guayas,Alfredo Baquerizo Moreno (Juján),20565,21465,0.888,0.841,-0.05
Orellana,Loreto,19886,23254,0.934,0.839,-0.09
Los Ríos,Palenque,20497,20623,0.919,0.830,-0.09
Morona Santiago,Logroño,5000,6202,0.874,0.830,-0.04
Cotopaxi,Sigchos,20483,15193,0.936,0.825,-0.11
Los Ríos,Valencia,38086,42366,0.900,0.823,-0.08
Chimborazo,Colta,41441,24750,0.930,0.813,-0.12
Orellana,Aguarico,4157,5578,0.930,0.813,-0.12
Guayas,Colimes,21384,21151,0.927,0.807,-0.12
Sucumbíos,Putumayo,8852,7244,0.915,0.806,-0.11
Guayas,Balzar,48488,45860,0.904,0.793,-0.11
Manabí,Pedernales,51423,55752,0.936,0.793,-0.14
Manabí,Montecristi,62464,78727,0.901,0.788,-0.11
Loja,Sozoranga,6806,5455,0.905,0.783,-0.12
Orellana,La Joya De Los Sachas,32287,40903,0.877,0.781,-0.10
Los Ríos,Baba,36960,35189,0.929,0.777,-0.15
Guayas,Isidro Ayora,10272,11083,0.944,0.775,-0.17
Napo,Archidona,21898,23270,0.883,0.775,-0.11
Manabí,Bolívar,34563,32355,0.892,0.774,-0.12
Los Ríos,Urdaneta,26442,25177,0.874,0.761,-0.11
Sucumbíos,Cuyabeno,6164,6729,0.945,0.760,-0.18
Manabí,Junín,16383,16836,0.859,0.754,-0.11
Manabí,San Vicente,18847,18626,0.855,0.748,-0.11
Guayas,Santa Lucía,35714,32418,0.916,0.742,-0.17
Chimborazo,Alausí,36937,27458,0.866,0.742,-0.12
Los Ríos,Mocache,34584,31105,0.902,0.740,-0.16
Esmeraldas,San Lorenzo,35630,35316,0.840,0.738,-0.10
Manabí,Puerto López,18860,18640,0.930,0.730,-0.20
Los Ríos,Quinsaloma,14812,14184,0.888,0.729,-0.16
Manabí,Jipijapa,58502,56745,0.830,0.728,-0.10
Manabí,Santa Ana,40813,37426,0.849,0.728,-0.12
Loja,Pindal,7415,7538,0.861,0.724,-0.14
Azuay,Nabón,13681,10671,0.875,0.723,-0.15
Guayas,Pedro Carbo,40857,37571,0.940,0.722,-0.22
Guayas,Simón Bolívar,22828,21171,0.902,0.720,-0.18
Bolívar,Chillanes,15970,14205,0.853,0.718,-0.13
Guayas,El Empalme,65117,57051,0.907,0.715,-0.19
Esmeraldas,Quinindé,108605,90469,0.906,0.714,-0.19
Loja,Espíndola,13205,10072,0.894,0.713,-0.18
Esmeraldas,Atacames,32646,36031,0.792,0.710,-0.08
Manabí,El Carmen,90874,85406,0.832,0.706,-0.13
Cotopaxi,Pangua,19688,15078,0.899,0.690,-0.21
Zamora Chinchipe,Yacuambi,5237,4401,0.899,0.689,-0.21
Manabí,Chone,102236,88201,0.808,0.689,-0.12
Los Ríos,Vinces,60287,55361,0.833,0.684,-0.15
Guayas,Palestina,13267,12119,0.821,0.674,-0.15
Manabí,Jama,20568,11154,0.897,0.673,-0.22
Pichincha,Puerto Quito,21598,16806,0.942,0.671,-0.27
Zamora Chinchipe,Palanda,6848,5852,0.846,0.660,-0.19
Manabí,Sucre,46995,41173,0.828,0.660,-0.17
Guayas,Durán,158650,198610,0.673,0.654,-0.02
Sucumbíos,Cascales,9362,7621,0.846,0.649,-0.20
Chimborazo,Pallatanga,9771,7604,0.848,0.648,-0.20
Loja,Saraguro,26098,18813,0.866,0.647,-0.22
Loja,Quilanga,3648,2563,0.843,0.646,-0.20
Los Ríos,Ventanas,55382,47241,0.840,0.646,-0.19
Cotopaxi,Pujilí,60544,43168,0.877,0.645,-0.23
Azuay,Pucará,9558,6237,0.914,0.645,-0.27
Los Ríos,Puebloviejo,29307,26120,0.829,0.638,-0.19
Loja,Olmedo,4438,2649,0.900,0.636,-0.26
Loja,Gonzanamá,10580,7733,0.855,0.632,-0.22
Zamora Chinchipe,Paquisha,3438,2966,0.897,0.629,-0.27
Manabí,Tosagua,32297,26883,0.843,0.627,-0.22
El Oro,Chilla,2083,1410,0.839,0.626,-0.21
Sucumbíos,Shushufindi,36861,31238,0.871,0.615,-0.26
Bolívar,Guaranda,70452,60140,0.776,0.615,-0.16
Cañar,Suscal,4412,2842,0.840,0.615,-0.23
Santo Domingo De Los Tsáchilas,La Concordia,37292,31331,0.867,0.610,-0.26
Napo,Tena,46120,49075,0.773,0.608,-0.16
Morona Santiago,Santiago,6455,5836,0.721,0.605,-0.12
Zamora Chinchipe,Chinchipe,7062,6122,0.803,0.599,-0.20
Loja,Celica,10605,8565,0.755,0.596,-0.16
Morona Santiago,San Juan Bosco,2796,2584,0.727,0.593,-0.13
Loja,Zapotillo,10926,8608,0.892,0.591,-0.30
Morona Santiago,Limón Indanza,7561,5663,0.789,0.590,-0.20
Bolívar,Chimbo,11865,9085,0.743,0.585,-0.16
Guayas,Lomas De Sargentillo,16198,12921,0.882,0.582,-0.30
Orellana,Francisco De Orellana,56427,55270,0.801,0.582,-0.22
Guayas,San Jacinto De Yaguachi,49723,42209,0.812,0.581,-0.23
Morona Santiago,Pablo Sexto,1365,1311,0.750,0.579,-0.17
Bolívar,San Miguel,20466,16307,0.749,0.577,-0.17
Loja,Chaguarpamba,5968,3937,0.850,0.574,-0.28
Loja,Paltas,19593,13013,0.828,0.570,-0.26
Cotopaxi,Saquisilí,18828,13769,0.824,0.566,-0.26
Zamora Chinchipe,Nangaritza,3997,3627,0.773,0.565,-0.21
Morona Santiago,Gualaquiza,11599,12355,0.696,0.565,-0.13
Azuay,Oña,2961,1930,0.829,0.564,-0.26
Guayas,El Triunfo,42482,33800,0.817,0.561,-0.26
Manabí,Jaramijó,14541,16676,0.795,0.560,-0.23
Bolívar,Las Naves,5230,3843,0.847,0.549,-0.30
Sucumbíos,Lago Agrio,78866,57201,0.867,0.549,-0.32
Imbabura,Cotacachi,34233,28981,0.752,0.548,-0.20
Sucumbíos,Gonzalo Pizarro,6685,5639,0.803,0.546,-0.26
Tungurahua,Quero,16108,10318,0.842,0.542,-0.30
Los Ríos,Babahoyo,111402,96388,0.724,0.541,-0.18
Morona Santiago,Palora,4592,6415,0.664,0.540,-0.12
Chimborazo,Chunchi,9423,5717,0.746,0.539,-0.21
Napo,Carlos Julio Arosemena Tola,3184,2499,0.845,0.538,-0.31
Tungurahua,Patate,9932,7389,0.737,0.535,-0.20
Guayas,Naranjal,52651,44751,0.758,0.535,-0.22
Morona Santiago,Morona,26456,29004,0.655,0.532,-0.12
Pichincha,Pedro Vicente Maldonado,9930,8182,0.739,0.529,-0.21
Zamora Chinchipe,Centinela Del Cóndor,4768,4147,0.744,0.527,-0.22
Azuay,Sígsig,21513,13089,0.799,0.524,-0.27
El Oro,El Guabo,36571,30979,0.738,0.524,-0.21
Manabí,Rocafuerte,27805,22129,0.786,0.518,-0.27
Morona Santiago,Sucúa,11502,12105,0.632,0.516,-0.12
El Oro,Balsas,4740,4056,0.693,0.515,-0.18
Los Ríos,Montalvo,18145,14611,0.768,0.515,-0.25
Los Ríos,Buena Fe,47638,38060,0.756,0.513,-0.24
Pastaza,Mera,6397,7642,0.622,0.512,-0.11
Los Ríos,Quevedo,124086,104245,0.710,0.508,-0.20
Santa Elena,Santa Elena,115360,94320,0.806,0.507,-0.30
Zamora Chinchipe,El Pangui,6487,6349,0.753,0.502,-0.25
Sucumbíos,Sucumbíos,2669,1578,0.787,0.497,-0.29
Loja,Calvas,19597,12836,0.699,0.497,-0.20
Pastaza,Pastaza,41602,40844,0.672,0.495,-0.18
Chimborazo,Guano,34506,23848,0.809,0.494,-0.31
Chimborazo,Penipe,4863,3235,0.736,0.491,-0.25
Pastaza,Santa Clara,2986,2218,0.839,0.491,-0.35
Cotopaxi,Salcedo,43706,32915,0.752,0.488,-0.26
Guayas,Nobol,14556,11555,0.743,0.486,-0.26
Guayas,Playas,28564,28212,0.686,0.481,-0.20
Zamora Chinchipe,Yantzaza,13477,11015,0.731,0.472,-0.26
Loja,Puyango,11892,7639,0.771,0.470,-0.30
Guayas,Balao,17599,11980,0.854,0.467,-0.39
Cañar,Cañar,43949,24294,0.755,0.467,-0.29
Guayas,General Antonio Elizalde,6904,5485,0.673,0.465,-0.21
Cotopaxi,La Maná,30361,24821,0.721,0.462,-0.26
Tungurahua,Santiago De Píllaro,27149,19429,0.709,0.458,-0.25
Guayas,Milagro,114546,89144,0.699,0.455,-0.24
Imbabura,San Miguel De Urcuquí,11296,8146,0.722,0.454,-0.27
Cañar,La Troncal,37468,28153,0.703,0.454,-0.25
Loja,Macará,11679,8193,0.629,0.452,-0.18
Guayas,Naranjito,25721,19882,0.687,0.451,-0.24
Santo Domingo De Los Tsáchilas,Santo Domingo,273030,198162,0.742,0.450,-0.29
Carchi,Mira,9026,5706,0.745,0.449,-0.30
Santa Elena,La Libertad,64130,49971,0.669,0.446,-0.22
Imbabura,Otavalo,70881,50831,0.674,0.445,-0.23
Tungurahua,San Pedro De Pelileo,42697,28357,0.755,0.444,-0.31
Bolívar,Echeandía,8558,6392,0.679,0.436,-0.24
Santa Elena,Salinas,40488,37726,0.607,0.435,-0.17
Cañar,Déleg,4305,2627,0.744,0.435,-0.31
Cañar,Biblián,14120,8165,0.704,0.433,-0.27
Manabí,Portoviejo,179681,138614,0.648,0.432,-0.22
El Oro,Zaruma,15249,10467,0.628,0.431,-0.20
Pichincha,San Miguel De Los Bancos,12474,5804,0.750,0.428,-0.32
Azuay,Gualaceo,29288,18381,0.691,0.426,-0.27
Imbabura,Pimampiro,9231,5672,0.712,0.425,-0.29
El Oro,Huaquillas,35551,23258,0.738,0.413,-0.32
Tungurahua,Tisaleo,9755,5664,0.804,0.407,-0.40
El Oro,Atahualpa,3431,2471,0.591,0.404,-0.19
Bolívar,Caluma,8358,6294,0.639,0.404,-0.23
Carchi,Bolívar,11292,6329,0.786,0.404,-0.38
Napo,Quijos,3775,2568,0.630,0.398,-0.23
Guayas,Coronel Marcelino Maridueña,9105,5236,0.758,0.398,-0.36
El Oro,Arenillas,19104,12843,0.720,0.397,-0.32
Azuay,Camilo Ponce Enríquez,11013,8928,0.733,0.392,-0.34
Esmeraldas,Esmeraldas,106463,80696,0.562,0.384,-0.18
Pichincha,Pedro Moncayo,23500,15433,0.715,0.383,-0.33
Cotopaxi,Latacunga,110903,81158,0.650,0.381,-0.27
Napo,El Chaco,5087,3482,0.650,0.378,-0.27
Carchi,Espejo,8460,5466,0.636,0.376,-0.26
Azuay,Santa Isabel,14322,7756,0.695,0.374,-0.32
Chimborazo,Chambo,8244,4998,0.698,0.373,-0.32
El Oro,Las Lajas,3408,2122,0.715,0.371,-0.34
Galápagos,Santa Cruz,7939,6267,0.567,0.365,-0.20
Zamora Chinchipe,Zamora,14782,10856,0.602,0.362,-0.24
Chimborazo,Cumandá,8855,6006,0.685,0.362,-0.32
El Oro,Pasaje,42472,29899,0.588,0.358,-0.23
El Oro,Piñas,14464,10490,0.559,0.357,-0.20
Pichincha,Cayambe,57333,37195,0.667,0.354,-0.31
Carchi,Montúfar,19163,10266,0.629,0.347,-0.28
Cañar,El Tambo,6903,3209,0.696,0.346,-0.35
Guayas,Daule,91930,76862,0.751,0.346,-0.41
Loja,Catamayo,19239,12185,0.632,0.346,-0.29
El Oro,Machala,138170,102081,0.567,0.335,-0.23
Azuay,Girón,7871,4031,0.630,0.331,-0.30
Azuay,Chordeleg,8308,3996,0.662,0.330,-0.33
Azuay,Paute,17692,8696,0.699,0.325,-0.37
Manabí,Manta,123111,87822,0.546,0.324,-0.22
Guayas,Samborondón,32809,31597,0.501,0.321,-0.18
Azuay,Guachapala,2125,1144,0.625,0.319,-0.31
Azuay,San Fernando,2257,1171,0.566,0.313,-0.25
Carchi,San Pedro De Huaca,4982,2465,0.642,0.313,-0.33
El Oro,Portovelo,6951,4223,0.586,0.312,-0.27
Tungurahua,Mocha,4646,2261,0.686,0.312,-0.37
El Oro,Santa Rosa,38089,24283,0.559,0.303,-0.26
Galápagos,Isabela,1129,914,0.522,0.301,-0.22
Carchi,Tulcán,40110,27069,0.470,0.296,-0.17
El Oro,Marcabelí,2891,1988,0.531,0.290,-0.24
Guayas,Guayaquil,1111238,785333,0.475,0.287,-0.19
Imbabura,Antonio Ante,23113,14640,0.528,0.273,-0.26
Azuay,Sevilla De Oro,3967,1233,0.708,0.268,-0.44
Cañar,Azogues,39340,19653,0.553,0.265,-0.29
Tungurahua,Ambato,162033,96344,0.494,0.261,-0.23
Pichincha,Mejía,47217,26535,0.581,0.261,-0.32
Azuay,El Pan,1870,711,0.616,0.256,-0.36
Chimborazo,Riobamba,104054,65928,0.464,0.253,-0.21
Loja,Loja,92135,60634,0.434,0.244,-0.19
Tungurahua,Cevallos,4520,2423,0.554,0.233,-0.32
Tungurahua,Baños De Agua Santa,8654,4850,0.442,0.224,-0.22
Galápagos,San Cristóbal,2910,1748,0.419,0.212,-0.21
Imbabura,Ibarra,71172,44755,0.395,0.207,-0.19
Azuay,Cuenca,190867,117745,0.381,0.198,-0.18
Pichincha,Distrito Metropolitano De Quito,658708,367089,0.295,0.137,-0.16
Pichincha,Rumiñahui,27039,12271,0.315,0.114,-0.20
